Workbook

Sheet README
B1: Garson's Algorithm — Neural Network Variable Importance
B3: PURPOSE
B4: This workbook computes the relative importance of input variables in a
B5: trained single-hidden-layer neural network using Garson (1991).
B7: SHEETS
B8: ► Weights — Enter your trained network weights here (blue cells)
B9: ► Step1_CW — Connection weight matrix |W_ih| × |W_ho|
B10: ► Step2_RC — Relative contribution (column-normalised)
B11: ► Step3_RI — Row sums → relative importance scores
B13: HOW TO USE
B14: 1. Go to the Weights sheet.
B15: 2. Edit the blue input cells (rows/columns of weights).
... B26: • Skip-layer connections are not supported.

Sheet Weights
B1: Network Weights (edit blue cells)
B3: Section A — Input → Hidden (W_ih)
C4: H1 | D4: H2
B5: X1 | C5: 0.8 | D5: -0.3
B6: X2 | C6: 0.1 | D6: 0.9
B7: X3 | C7: -0.5 | D7: 0.2
B9: Section B — Hidden → Output (W_ho)
C10: H1 | D10: H2
B11: Output | C11: 0.7 | D11: -0.6
B13: Blue cells are inputs. Edit any value — all downstream sheets recalculate.

Sheet Step1_CW
B1: Step 1 — Connection Weight Matrix CW[i,j] = |W_ih[i,j]| × |W_ho[j]|
B2: Each cell = absolute value of input→hidden weight × absolute value of hidden→output weight
C3: H1 | D3: H2
B4: X1 | C4: =ABS(Weights!C5)*ABS(Weights!C11) -> 0.56 | D4: =ABS(Weights!D5)*ABS(Weights!D11) -> 0.18
B5: X2 | C5: =ABS(Weights!C6)*ABS(Weights!C11) -> 0.07 | D5: =ABS(Weights!D6)*ABS(Weights!D11) -> 0.54
B6: X3 | C6: =ABS(Weights!C7)*ABS(Weights!C11) -> 0.35 | D6: =ABS(Weights!D7)*ABS(Weights!D11) -> 0.12
B7: Col sum | C7: =SUM(C4:C6) -> 0.98 | D7: =SUM(D4:D6) -> 0.84

Sheet Step2_RC
B1: Step 2 — Relative Contribution RC[i,j] = CW[i,j] / Σ_i CW[i,j]
B2: Each cell = CW[i,j] divided by the column sum — gives the fractional contribution of each input to each hidden node
C3: H1 | D3: H2
B4: X1 | C4: =IF(Step1_CW!C$7=0,0,Step1_CW!C4/Step1_CW!C$7) -> 0.57142857 | D4: =IF(Step1_CW!D$7=0,0,Step1_CW!D4/Step1_CW!D$7) -> 0.21428571
B5: X2 | C5: =IF(Step1_CW!C$7=0,0,Step1_CW!C5/Step1_CW!C$7) -> 0.071428571 | D5: =IF(Step1_CW!D$7=0,0,Step1_CW!D5/Step1_CW!D$7) -> 0.64285714
B6: X3 | C6: =IF(Step1_CW!C$7=0,0,Step1_CW!C6/Step1_CW!C$7) -> 0.35714286 | D6: =IF(Step1_CW!D$7=0,0,Step1_CW!D6/Step1_CW!D$7) -> 0.14285714
B7: Col sum | C7: =SUM(C4:C6) -> 1 | D7: =SUM(D4:D6) -> 1
B8: ↑ Column sums should all equal 1.000

Sheet Step3_RI
B1: Step 3 & 4 — Relative Importance (Garson 1991)
B2: Input | C2: Row sum (S) | D2: Rel. importance | E2: Rank
B3: X1 | C3: =SUM(Step2_RC!C4:D4) -> 0.78571429 | D3: =IF(SUM(C3:C5)=0,0,C3/SUM(C$3:C$5)) -> 0.39285714 | E3: =RANK(D3,D$3:D$5,0) -> 1
B4: X2 | C4: =SUM(Step2_RC!C5:D5) -> 0.71428571 | D4: =IF(SUM(C3:C5)=0,0,C4/SUM(C$3:C$5)) -> 0.35714286 | E4: =RANK(D4,D$3:D$5,0) -> 2
B5: X3 | C5: =SUM(Step2_RC!C6:D6) -> 0.5 | D5: =IF(SUM(C3:C5)=0,0,C5/SUM(C$3:C$5)) -> 0.25 | E5: =RANK(D5,D$3:D$5,0) -> 3
B6: Total | C6: =SUM(C3:C5) -> 2 | D6: =SUM(D3:D5) -> 1
B8: Visual bar (data bar)
B9: X1 | C9: =D3 -> 0.39285714
B10: X2 | C10: =D4 -> 0.35714286
B11: X3 | C11: =D5 -> 0.25
B12: Garson (1991): importance = absolute magnitude 0–1. Direction of effect cannot be determined from weights alone.
